{
  "name": "DShot-rmt-NEO",
  "version": "4.2.0",
  "description": "DShot implementation using newer espidf rmt libraries (with bidirection!)",
  "keywords": "dshot, rmt, esc, esp32, bldc",
  "authors":
  [
    {
	  
      "name": "DrGlaucous",
      "maintainer": true
    },
	{
	  
      "name": "derdoktor667",
      "maintainer": false
    }
  ],
  "repository":
  {
    "type": "git",
	  "url": "https://github.com/DrGlaucous/DShotRMT_NEO.git"
  },
  "dependencies":
  {
    "external-repo": "https://github.com/DrGlaucous/esp-rmt-NEO.git"
  },
  "frameworks": "arduino, espidf",
  "platforms": "espressif32"
}